[
  {
    "inputs": [
      { "internalType": "address", "name": "_ethCrossFarming", "type": "address" },
      { "internalType": "address", "name": "_bscCrossFarming", "type": "address" },
      { "internalType": "uint8", "name": "_chainId", "type": "uint8" }
    ],
    "stateMutability": "nonpayable",
    "type": "constructor"
  },
  {
    "anonymous": false,
    "inputs": [
      { "indexed": true, "internalType": "address", "name": "sender", "type": "address" },
      { "indexed": false, "internalType": "uint256", "name": "pid", "type": "uint256" },
      { "indexed": false, "internalType": "uint256", "name": "amount", "type": "uint256" },
      { "indexed": false, "internalType": "uint256", "name": "lastDepositedTime", "type": "uint256" }
    ],
    "name": "Deposit",
    "type": "event"
  },
  {
    "anonymous": false,
    "inputs": [
      { "indexed": true, "internalType": "address", "name": "sender", "type": "address" },
      { "indexed": false, "internalType": "uint256", "name": "pid", "type": "uint256" },
      { "indexed": false, "internalType": "uint256", "name": "amount", "type": "uint256" }
    ],
    "name": "EmergencyWithdraw",
    "type": "event"
  },
  {
    "anonymous": false,
    "inputs": [
      { "indexed": true, "internalType": "address", "name": "previousOwner", "type": "address" },
      { "indexed": true, "internalType": "address", "name": "newOwner", "type": "address" }
    ],
    "name": "OwnershipTransferred",
    "type": "event"
  },
  { "anonymous": false, "inputs": [], "name": "Pause", "type": "event" },
  {
    "anonymous": false,
    "inputs": [{ "indexed": false, "internalType": "address", "name": "account", "type": "address" }],
    "name": "Paused",
    "type": "event"
  },
  { "anonymous": false, "inputs": [], "name": "Unpause", "type": "event" },
  {
    "anonymous": false,
    "inputs": [{ "indexed": false, "internalType": "address", "name": "account", "type": "address" }],
    "name": "Unpaused",
    "type": "event"
  },
  {
    "anonymous": false,
    "inputs": [
      { "indexed": true, "internalType": "address", "name": "sender", "type": "address" },
      { "indexed": false, "internalType": "address", "name": "ethCrossFarming", "type": "address" },
      { "indexed": false, "internalType": "address", "name": "bscCrossFarming", "type": "address" },
      { "indexed": false, "internalType": "uint8", "name": "chainId", "type": "uint8" }
    ],
    "name": "UpdateCrossFarmingParams",
    "type": "event"
  },
  {
    "anonymous": false,
    "inputs": [
      { "indexed": true, "internalType": "address", "name": "lpToken", "type": "address" },
      { "indexed": false, "internalType": "uint256", "name": "mockPoolId", "type": "uint256" }
    ],
    "name": "UpdatePoolInfo",
    "type": "event"
  },
  {
    "anonymous": false,
    "inputs": [
      { "indexed": true, "internalType": "address", "name": "sender", "type": "address" },
      { "indexed": false, "internalType": "uint256", "name": "pid", "type": "uint256" },
      { "indexed": false, "internalType": "uint256", "name": "amount", "type": "uint256" }
    ],
    "name": "Withdraw",
    "type": "event"
  },
  {
    "inputs": [],
    "name": "BSC_CHAIN_ID",
    "outputs": [{ "internalType": "uint8", "name": "", "type": "uint8" }],
    "stateMutability": "view",
    "type": "function"
  },
  {
    "inputs": [],
    "name": "CROSS_FARMING_BSC_CONTRACT",
    "outputs": [{ "internalType": "address", "name": "", "type": "address" }],
    "stateMutability": "view",
    "type": "function"
  },
  {
    "inputs": [],
    "name": "CROSS_FARMING_ETH_CONTRACT",
    "outputs": [{ "internalType": "address", "name": "", "type": "address" }],
    "stateMutability": "view",
    "type": "function"
  },
  {
    "inputs": [
      { "internalType": "contract IERC20", "name": "_lpToken", "type": "address" },
      { "internalType": "uint256", "name": "_mockPoolId", "type": "uint256" }
    ],
    "name": "add",
    "outputs": [],
    "stateMutability": "nonpayable",
    "type": "function"
  },
  {
    "inputs": [
      { "internalType": "uint256", "name": "_pid", "type": "uint256" },
      { "internalType": "uint256", "name": "_amount", "type": "uint256" }
    ],
    "name": "deposit",
    "outputs": [],
    "stateMutability": "payable",
    "type": "function"
  },
  {
    "inputs": [{ "internalType": "uint256", "name": "_pid", "type": "uint256" }],
    "name": "emergencyWithdraw",
    "outputs": [],
    "stateMutability": "payable",
    "type": "function"
  },
  {
    "inputs": [],
    "name": "owner",
    "outputs": [{ "internalType": "address", "name": "", "type": "address" }],
    "stateMutability": "view",
    "type": "function"
  },
  { "inputs": [], "name": "pause", "outputs": [], "stateMutability": "nonpayable", "type": "function" },
  {
    "inputs": [],
    "name": "paused",
    "outputs": [{ "internalType": "bool", "name": "", "type": "bool" }],
    "stateMutability": "view",
    "type": "function"
  },
  {
    "inputs": [{ "internalType": "uint256", "name": "", "type": "uint256" }],
    "name": "poolInfo",
    "outputs": [
      { "internalType": "contract IERC20", "name": "lpToken", "type": "address" },
      { "internalType": "uint256", "name": "mockPoolId", "type": "uint256" },
      { "internalType": "uint256", "name": "totalAmount", "type": "uint256" }
    ],
    "stateMutability": "view",
    "type": "function"
  },
  {
    "inputs": [],
    "name": "poolLength",
    "outputs": [{ "internalType": "uint256", "name": "", "type": "uint256" }],
    "stateMutability": "view",
    "type": "function"
  },
  {
    "inputs": [{ "internalType": "address", "name": "newOwner", "type": "address" }],
    "name": "transferOwnership",
    "outputs": [],
    "stateMutability": "nonpayable",
    "type": "function"
  },
  { "inputs": [], "name": "unpause", "outputs": [], "stateMutability": "nonpayable", "type": "function" },
  {
    "inputs": [
      { "internalType": "address", "name": "_ethCrossFarming", "type": "address" },
      { "internalType": "address", "name": "_bscCrossFarming", "type": "address" },
      { "internalType": "uint8", "name": "_chainId", "type": "uint8" }
    ],
    "name": "updateCrossFarmingParams",
    "outputs": [],
    "stateMutability": "nonpayable",
    "type": "function"
  },
  {
    "inputs": [
      { "internalType": "uint256", "name": "_pid", "type": "uint256" },
      { "internalType": "uint256", "name": "_mockPoolId", "type": "uint256" }
    ],
    "name": "updatePoolInfo",
    "outputs": [],
    "stateMutability": "nonpayable",
    "type": "function"
  },
  {
    "inputs": [
      { "internalType": "uint256", "name": "", "type": "uint256" },
      { "internalType": "address", "name": "", "type": "address" }
    ],
    "name": "userInfo",
    "outputs": [
      { "internalType": "uint256", "name": "amount", "type": "uint256" },
      { "internalType": "uint256", "name": "lastDepositedTime", "type": "uint256" }
    ],
    "stateMutability": "view",
    "type": "function"
  },
  {
    "inputs": [{ "internalType": "uint256", "name": "_pid", "type": "uint256" }],
    "name": "withdraw",
    "outputs": [],
    "stateMutability": "payable",
    "type": "function"
  },
  { "stateMutability": "payable", "type": "receive" }
]
